"filename","title","date","author","categories","tags","tag_count"
"2008-08-13-whats-going-on-here.md","What?s going on here?","2008-08-13T00:06:54-06:00","Jim McKeeth","News","codegear (19), delphi (91), News (232), podcast (63), programming (3)","5"
"2008-08-18-episode-1-tiburon.md","1 ? Tiburon","2008-08-18T00:44:23-06:00","Jim McKeeth","","Audio podCast (74), code monkey (1), codegear (19), delphi (91), tiburon (2)","5"
"2008-08-18-interview-with-nick-hodges.md","Interview with Nick Hodges","2008-08-18T20:47:43-06:00","Jim McKeeth","News","codegear (19), delphi (91), interview (3), News (232), questions (5)","5"
"2008-08-18-now-on-itunes.md","Now on iTunes","2008-08-18T15:43:14-06:00","Jim McKeeth","News","News (232)","1"
"2008-08-19-release-date-for-delphi-2009-announced.md","Release Date for Delphi 2009 Announced","2008-08-19T22:01:39-06:00","Jim McKeeth","News","annoucement (1), delphi (91), eweek (1), News (232), podcast (63)","5"
"2008-08-25-delphi-2009-available-for-order.md","Delphi 2009 Available for Order","2008-08-25T09:05:51-06:00","Jim McKeeth","News","codegear (19), delphi (91), delphi 2009 (15), News (232)","4"
"2008-08-25-episode-2-nick-hodges.md","2 ? Nick Hodges","2008-08-25T01:42:48-06:00","Jim McKeeth","","Audio podCast (74), beyond compare (3), codegear (19), delphi (91), podcast (63), smartinspect (2), tiburon (2)","7"
"2008-08-25-smartinspect-giveaway.md","SmartInspect GiveAway","2008-08-25T01:47:37-06:00","Jim McKeeth","News","giveaway (1), News (232), podcast (63), smartinspect (2)","4"
"2008-08-26-betablogging-delphi-2009-install-time.md","BetaBlogging ? Delphi 2009 Install Time","2008-08-26T09:30:39-06:00","Jim McKeeth","News","betablogging (1), delphi 2009 (15), installation (1), News (232), upgrade (1)","5"
"2008-08-27-delphi-win32-and-net-diverging.md","Delphi Win32 and .NET Diverging","2008-08-27T22:47:13-06:00","Jim McKeeth","News",".NET (8), codegear (19), Compatibility (1), delphi (91), News (232), Win32 (1)","6"
"2008-08-28-now-with-burning-feeds.md","Now with Burning Feeds","2008-08-28T01:54:33-06:00","Jim McKeeth","News","Audio podCast (74), feed (2), News (232), podcast (63)","4"
"2008-09-01-episode-3-barry-kelly.md","3 ? Barry Kelly","2008-09-01T16:59:04-06:00","Jim McKeeth","","anonymous methods (2), Audio podCast (74), compiler (2), delphi (91), garbage collection (2), generics (5)","6"
"2008-09-03-ideal-podcast-duration.md","Ideal Podcast Duration","2008-09-03T16:38:13-06:00","Jim McKeeth","News","duration (1), News (232), podcast (63), poll (4)","4"
"2008-09-04-tiobe-delphi-in-top-10.md","TIOBE: Delphi in top 10 again after strong comeback","2008-09-04T22:49:23-06:00","Jim McKeeth","News","community (8), delphi (91), marketing (1), News (232), search engines (2), september (1), TPCI (6)","7"
"2008-09-05-the-worst-thing-about-delphi.md","The Worst Thing About Delphi","2008-09-05T05:49:32-06:00","Jim McKeeth","News","comic (1), compiling (1), Funny (5), News (232), programmers (1), xkcd (1)","6"
"2008-09-05-updated-delphi-logos.md","Updated Delphi Logos","2008-09-05T20:17:35-06:00","Jim McKeeth","News","News (232)","1"
"2008-09-08-episode-4-julian-bucknall.md","4.1 ? Julian Bucknall","2008-09-08T01:12:37-06:00","Jim McKeeth","","Audio podCast (74), data structures (2), delphi (91), devexpress (3), generics (5)","5"
"2008-09-08-rtm-delphi-2009.md","RTM: Delphi 2009","2008-09-08T12:43:07-06:00","Jim McKeeth","News","delphi 2009 (15), News (232), release (1), twitter (5)","4"
"2008-09-09-episode-4-julian-bucknall-part-2.md","4.2 ? Julian Bucknall","2008-09-09T23:37:54-06:00","Jim McKeeth","","Audio podCast (74), data structures (2), delphi (91), devexpress (3), generics (5)","5"
"2008-09-11-delphi-2009-iso-available.md","Delphi 2009 ISO Available (Direct Link)","2008-09-11T09:06:26-06:00","Jim McKeeth","News","delphi 2009 (15), download (1), News (232)","3"
"2008-09-15-caused-stack-overflow.md","Caused Stack Overflow","2008-09-15T09:46:54-06:00","Jim McKeeth","News","community (8), delphi (91), forum (1), News (232), stackoverflow (5)","5"
"2008-09-15-episode-5-oxygene-and-net.md","5 ? Oxygene and .NET","2008-09-15T04:50:27-06:00","Jim McKeeth","",".NET (8), Audio podCast (74), delphi (91), podcast (63)","4"
"2008-09-19-hidden-features-of-delphi.md","Hidden Features of Delphi","2008-09-19T10:43:03-06:00","Jim McKeeth","News","delphi (91), hidden-features (1), News (232), stackoverflow (5)","4"
"2008-09-22-episode-6-cast-on-news.md","6 ? Cast on News","2008-09-22T05:02:54-06:00","Jim McKeeth","","Audio podCast (74), delphi (91), stackoverflow (5)","3"
"2008-09-23-screencast-1-adding-an-explore-tool.md","ScreenCast 1 ? Adding an Explore Tool","2008-09-23T00:03:32-06:00","Jim McKeeth","","delphi 2009 (15), explore (2), screencast (2), tool (2), Video podCast (31)","5"
"2008-09-25-update-on-explore-tool.md","Update on Explore Tool","2008-09-25T23:59:33-06:00","Jim McKeeth","News","delphi (91), explore (2), News (232), tool (2)","4"
"2008-09-26-favorite-podcast-format.md","Favorite Podcast Format","2008-09-26T00:10:40-06:00","Jim McKeeth","News","format (1), News (232), podcast (63), poll (4)","4"
"2008-09-26-intro-to-generic-collections-with-delphi-2009.md","Intro to Generic Collections with Delphi 2009","2008-09-26T11:35:45-06:00","Jim McKeeth","News","Collections (1), delphi (91), delphi 2009 (15), Demo (1), Generic Collections (1), generics (5), News (232), programming (3), screencast (2), Source Code (33), TList (1), Video podCast (31)","12"
"2008-09-29-audio-quality.md","Audio Quality","2008-09-29T10:24:28-06:00","Jim McKeeth","News","News (232)","1"
"2008-09-29-episode-7-beyond-compare.md","7 ? Beyond Compare","2008-09-29T03:48:49-06:00","Jim McKeeth","","Audio podCast (74), beyond compare (3), compare (1), delphi (91), delphi 2009 (15), discount (1), kylix (1), linux (4), remobjects (3)","9"
"2008-10-07-episode-8-roundtable-on-best-practices.md","8 ? Round Table on Best Practices","2008-10-07T03:51:01-06:00","Jim McKeeth","","Audio podCast (74), delphi (91), experts (1), generics (5), mvc (1), source control (1)","6"
"2008-10-07-free-delphi-2009-handbook-by-macro-cantu.md","Free Delphi 2009 Handbook by Marco Cantu","2008-10-07T10:41:11-06:00","Jim McKeeth","News","codegear (19), delphi (91), delphi 2009 (15), Embarcadero (8), free (2), News (232)","6"
"2008-10-08-code-rage-iii-call-for-speakers.md","Code Rage III: Call for Speakers","2008-10-08T12:46:01-06:00","Jim McKeeth","News","codegear (19), coderage (12), News (232)","3"
"2008-10-08-craig-petersons-favorite-blog-links.md","Craig Peterson?s favorite blog links","2008-10-08T01:13:33-06:00","Jim McKeeth","News","beyond compare (3), links (1), News (232)","3"
"2008-10-08-delphi-keeps-climbing.md","Delphi Keeps Climbing","2008-10-08T12:55:46-06:00","Jim McKeeth","News","blog (1), community (8), delphi (91), News (232), TPCI (6)","5"
"2008-10-10-episode-9-coderage-3-and-delphi-prism.md","9 ? CodeRage 3 and Delphi Prism","2008-10-10T01:49:44-06:00","Jim McKeeth","","Audio podCast (74), codegear (19), coderage (12), delphi (91), delphi prism (20), flash mob (2), PDC (3), twitter (5)","8"
"2008-10-10-the-many-faces-of-delphi.md","The Many Faces of Delphi","2008-10-10T18:46:41-06:00","Jim McKeeth","News","blogging (1), delphi (91), News (232), TPCI (6)","4"
"2008-10-12-delphi-language-of-the-year-2008.md","Delphi could be 2008 Language of the Year","2008-10-12T14:41:37-06:00","Jim McKeeth","News","delphi (91), News (232), TCPI (1)","3"
"2008-10-13-episode-10-marco-cantu.md","10 ? Marco Cant?","2008-10-13T23:59:05-06:00","Jim McKeeth","","Audio podCast (74), coderage (12), delphi (91), marco (1)","4"
"2008-10-13-torrys-updates.md","Torry?s Updates","2008-10-13T14:46:05-06:00","Jim McKeeth","News","community (8), Components (5), delphi (91), market (1), News (232), torry (1), TPCI (6)","7"
"2008-10-17-return-of-delphi-man.md","Return of Delphi Man","2008-10-17T20:05:29-06:00","Jim McKeeth","News","borland (1), codegear (19), delphi (91), delphi man (3), News (232)","5"
"2008-10-18-the-further-adventures-of-turboman.md","The Further Adventures of Turboman","2008-10-18T10:24:18-06:00","Jim McKeeth","News","codegear (19), delphi man (3), News (232)","3"
"2008-10-20-episode-11-more-roundtable.md","11 ? More Roundtable","2008-10-20T08:13:25-06:00","Jim McKeeth","","anonymous methods (2), Audio podCast (74), delphi (91), PDC (3), silverlight (5), TPCI (6)","6"
"2008-10-21-definitive-delphi-twitter-directory.md","Definitive Delphi Twitter Directory","2008-10-21T00:16:34-06:00","Jim McKeeth","News","delphi (91), News (232), twitter (5)","3"
"2008-10-21-delphi-man-sighting.md","Delphi Man Sighting","2008-10-21T00:44:13-06:00","Jim McKeeth","News","bug tracking (1), delphi man (3), News (232)","3"
"2008-10-24-delphi-flash-mob-at-pdc.md","Delphi Flash Mob at PDC","2008-10-24T00:26:44-06:00","Jim McKeeth","News","delphi (91), flash mob (2), News (232), PDC (3)","4"
"2008-10-27-delphi-prism.md","What is Delphi Prism?","2008-10-27T17:39:11-06:00","Jim McKeeth","News","delphi prism (20), News (232), pdc2008 (10)","3"
"2008-10-27-first-delphi-flash-mob-at-pdc2008.md","First Delphi Flash Mob at PDC2008","2008-10-27T13:23:07-06:00","Jim McKeeth","News","delphi (91), delphi 2009 (15), delphi prism (20), News (232), pdc2008 (10)","5"
"2008-10-27-no-podcast-today.md","No Podcast Today","2008-10-27T21:05:14-06:00","Jim McKeeth","","Audio podCast (74), pdc2008 (10)","2"
"2008-10-28-live-twitting-the-keynotes-at-pdc2008.md","Live Twitting the Keynotes at PDC2008","2008-10-28T10:36:59-06:00","Jim McKeeth","News","News (232)","1"
"2008-10-28-more-on-delphi-prism.md","More on Delphi Prism","2008-10-28T14:11:47-06:00","Jim McKeeth","News","delphi prism (20), News (232), open space (1), pdc2008 (10)","4"
"2008-10-29-episode-12-nick-marc-allen-on-delphi-prism.md","12 ? Nick, marc & Allen on Delphi Prism","2008-10-29T08:00:51-06:00","Jim McKeeth","","Audio podCast (74), delphi (91), delphi prism (20), pdc2008 (10), remobjects (3)","5"
"2008-10-29-screencast-3-delphi-prism-first-look.md","Screencast 3 ? Delphi Prism first look","2008-10-29T09:28:10-06:00","Jim McKeeth","","codegear (19), delphi prism (20), pdc2008 (10), Video podCast (31)","4"
"2008-10-30-screencast-4-delphi-prism-wpf-hello-world.md","Screencast 4 ? Delphi Prism WPF ? Hello World","2008-10-30T14:00:23-06:00","Jim McKeeth","","delphi prism (20), pdc2008 (10), Video podCast (31), WPF (1)","4"
"2008-11-03-delphi-makes-8-on-tpci.md","Delphi Makes #8 on TPCI","2008-11-03T13:38:52-07:00","Jim McKeeth","News","Delphi programming (4), language of the year (1), News (232), python (1), TPCI (6)","5"
"2008-11-03-episode-13-allen-bauer.md","Episode 13 ? Allen Bauer live at PDC2008","2008-11-03T23:13:56-07:00","Jim McKeeth","","Audio podCast (74), delphi (91), delphi 2009 (15), delphi prism (20), Delphi programming (4), pdc2008 (10), Video podCast (31)","7"
"2008-11-05-getting-the-latest-jcl-and-jvcl.md","Getting the Latest JCL and JVCL","2008-11-05T21:12:05-07:00","Jim McKeeth","News","7zip (1), delphi (91), delphi 2009 (15), Delphi programming (4), jcl (1), jedi (1), jvcl (1), News (232), sourceforge (1), svn (2)","10"
"2008-11-06-revenge-of-delphi-robot-rage.md","The Revenge of Delphi Robot Rage","2008-11-06T14:54:51-07:00","Jim McKeeth","News","News (232)","1"
"2008-11-07-coderage-iii-sessions-and-registration.md","CodeRage III Sessions and Registration","2008-11-07T00:37:53-07:00","Jim McKeeth","News","coderage (12), News (232)","2"
"2008-11-08-anders-hejlsbergs-on-programming-languages.md","Anders Hejlsberg on Programming Languages","2008-11-08T15:36:31-07:00","Jim McKeeth","News",".NET (8), Anders Hejlsberg (1), C# (2), Csharp (1), delphi (91), News (232), Programming Languages (2), Turbo Pascal (1)","8"
"2008-11-09-robot-rage-sdk-available.md","Robot Rage SDK Available","2008-11-09T22:41:48-07:00","Jim McKeeth","News","ai (1), bot (1), coderage (12), delphi prism (20), News (232), robot rage (2)","6"
"2008-11-11-pdc-exhibit-floor.md","PDC Exhibit Floor","2008-11-11T02:43:51-07:00","Jim McKeeth","","Audio podCast (74), pdc2008 (10), podcast (63), Video podCast (31)","4"
"2008-11-12-delphi-feeds-on-twitter.md","Delphi Feeds on Twitter","2008-11-12T10:56:33-07:00","Jim McKeeth","News","delphi (91), News (232), twitter (5)","3"
"2008-11-19-15-julian-bucknall-on-devexpress.md","15 ? Julian Bucknall on DevExpress","2008-11-19T01:35:47-07:00","Jim McKeeth","",".NET (8), Audio podCast (74), delphi (91), delphi prism (20), devexpress (3), dotnet (2), podcast (63), Video podCast (31)","8"
"2008-11-25-16-coderage-robotrage-and-technology.md","16 ? CodeRage, Delphi RobotRage and Technology","2008-11-25T23:17:21-07:00","Jim McKeeth","News","Audio podCast (74), coderage (12), delphi (91), News (232), pdc2008 (10), prism (4), robot rage (2)","7"
"2008-12-01-17-coderage-iii-and-wideorbit.md","17 ? CodeRage III and WideOrbit","2008-12-01T14:22:42-07:00","Jim McKeeth","","Audio podCast (74), codegear (19), coderage (12), databasegear (1), delphi (91), delphi jobs (1), jobs (1), wideorbit (1)","8"
"2008-12-03-delayed-exception-handling.md","Delayed Exception Handling","2008-12-03T20:03:14-07:00","Jim McKeeth","News","coderage (12), delphi (91), exceptions (1), News (232)","4"
"2008-12-09-18-coderage-iii-wrap-up.md","18 ? CodeRage III Wrap-Up","2008-12-09T02:17:23-07:00","Jim McKeeth","","Audio podCast (74), coderage (12), compact framework (1), delphi (91), Embarcadero (8), functional programming (1), prism (4)","7"
"2008-12-11-delphi-prism-oxygene-questions.md","Delphi Prism / Oxygene Questions","2008-12-11T18:42:01-07:00","Jim McKeeth","",".NET (8), Article (7), compiler (2), delphi (91), delphi prism (20), Delphi programming (4), mono (2), programming (3), remobjects (3), silverlight (5)","10"
"2008-12-16-19-delphi-prism-qa.md","19 ? Delphi Prism Q&A","2008-12-16T00:39:02-07:00","Jim McKeeth","","Audio podCast (74), delphi prism (20), linq (1)","3"
"2009-01-03-delphi-syntax-for-textmate.md","Looking for a Delphi Syntax for TextMate","2009-01-03T13:29:41-07:00","Jim McKeeth","News","delphi (91), delphi prism (20), News (232)","3"
"2009-01-03-ipod-touch-iphone-ready.md","Now iPod Touch & iPhone Ready!","2009-01-03T14:54:39-07:00","Jim McKeeth","News","feed (2), ipod (2), News (232), podcast (63)","4"
"2009-01-06-more-questions-for-nick-hodges.md","More Questions for Nick Hodges","2009-01-06T04:26:56-07:00","Jim McKeeth","News","News (232)","1"
"2009-01-13-lino-tadros-gift-of-life.md","Lino Tadros? Gift of Life","2009-01-13T16:44:29-07:00","Jim McKeeth","News","community (8), delphi (91), life (1), News (232)","4"
"2009-01-26-20-introducing-delphi-live-2009.md","20 ? Introducing Delphi Live 2009","2009-01-26T11:59:05-07:00","Jim McKeeth","","Audio podCast (74), conference (7), delphi (91), delphilive (15), podcast (63)","5"
"2009-01-28-refactor-my-delphi-code.md","Refactor My Delphi Code","2009-01-28T13:50:08-07:00","Jim McKeeth","News","News (232)","1"
"2009-02-09-21-remobjects.md","21 ? RemObjects","2009-02-09T23:59:05-07:00","Jim McKeeth","News","News (232)","1"
"2009-02-09-delphi-tour-groupie.md","The Delphi Tour Groupie","2009-02-09T21:45:25-07:00","Jim McKeeth","News","delphi (91), delphi 2009 (15), News (232), tour (1)","4"
"2009-02-10-whats-in-a-name.md","What?s in a Language Name?","2009-02-10T19:31:59-07:00","Jim McKeeth","News","News (232)","1"
"2009-02-16-22-delphi-developer-days-2009.md","22 ? Delphi Developer Days 2009","2009-02-16T18:34:44-07:00","Jim McKeeth","","Audio podCast (74)","1"
"2009-02-23-23-datarage-and-all-access.md","23 ? DataRage and All-Access","2009-02-23T00:59:04-07:00","Jim McKeeth","","Audio podCast (74)","1"
"2009-03-19-delphi-weaver-beta-coming.md","Delphi ?Weaver? Beta coming","2009-03-19T23:24:23-06:00","Jim McKeeth","News","News (232)","1"
"2009-03-27-24-delphi-projects.md","24 ? Delphi Projects","2009-03-27T00:53:34-06:00","Jim McKeeth","","Audio podCast (74), Delphi Projects (8)","2"
"2009-04-02-25-delphilive.md","25 ? DelphiLive!","2009-04-02T02:13:10-06:00","Jim McKeeth","","Audio podCast (74), conference (7), delphi (91), delphilive (15), podcast (63)","5"
"2009-04-03-delphi-uservoice-and-delphilive.md","Delphi UserVoice and DelphiLive!","2009-04-03T16:20:36-06:00","Jim McKeeth","News","delphi (91), delphilive (15), News (232), uservoice (2)","4"
"2009-04-06-26-dwitterphi.md","26 ? Dwitterphi","2009-04-06T03:38:28-06:00","Jim McKeeth","","Audio podCast (74), delphi (91), twitter (5)","3"
"2009-04-14-the-stack-overflow-delphi-badge.md","The Stack Overflow Delphi Badge","2009-04-14T20:13:22-06:00","Jim McKeeth","News","community (8), delphi (91), News (232), stackoverflow (5)","4"
"2009-04-16-delphilive-speaker-series.md","DelphiLive! Speaker Series","2009-04-16T02:24:16-06:00","Jim McKeeth","News","codegear (19), conference (7), delphi (91), delphi 2009 (15), delphi prism (20), delphilive (15), Embarcadero (8), News (232), speakers (1)","9"
"2009-04-20-27-nick-hodges-rd-manager.md","27 ? Nick Hodges ? R&D Manager","2009-04-20T00:02:49-06:00","Jim McKeeth","","Audio podCast (74), Beta (1), codegear (19), delphi (91), Delphi Projects (8), delphilive (15), Embarcadero (8)","7"
"2009-04-27-28-ray-konopka.md","28 ? Ray Konopka","2009-04-27T08:03:25-06:00","Jim McKeeth","","Audio podCast (74), podcast (63)","2"
"2009-05-01-29-pawel-glowacki.md","29 ? Pawel Glowacki","2009-05-01T03:10:18-06:00","Jim McKeeth","News","News (232)","1"
"2009-05-13-delphi-live-coverage.md","Delphi Live! Coverage","2009-05-13T17:16:51-06:00","Jim McKeeth","News","News (232)","1"
"2009-05-18-what-is-cooking-in-the-delphi-labs-1.md","Delphi Live! 2009 ? What is Cooking in the Delphi Labs ? Part 1","2009-05-18T23:03:53-06:00","Jim McKeeth","","delphi (91), delphilive (15), Video podCast (31)","3"
"2009-05-19-what-is-cooking-in-the-delphi-labs-2.md","Delphi Live! 2009 ? What is Cooking in the Delphi Labs ? Part 2","2009-05-19T23:15:14-06:00","Jim McKeeth","News","codegear (19), delphi (91), delphilive (15), ide (2), News (232)","5"
"2009-05-20-what-is-cooking-in-the-delphi-labs-3.md","Delphi Live! 2009 ? What is Cooking in the Delphi Labs ? Part 3","2009-05-20T23:32:53-06:00","Jim McKeeth","News","codegear (19), delphi (91), delphilive (15), formater (1), ide (2), News (232), Source Code (33)","7"
"2009-05-21-what-is-cooking-in-the-delphi-labs-4.md","Delphi Live! 2009 ? What is Cooking in the Delphi Labs ? Part 4","2009-05-21T13:53:39-06:00","Jim McKeeth","News","codegear (19), delphi (91), delphilive (15), macosx (2), News (232), rtti (1)","6"
"2009-05-27-delphi-2009-updates-3-4-are-in-the-wild.md","Delphi 2009 Updates 3 & 4 are in the Wild!","2009-05-27T15:59:24-06:00","Jim McKeeth","News","codegear (19), delphi (91), delphi 2009 (15), News (232)","4"
"2009-05-28-what-is-cooking-in-the-delphi-labs-5.md","Delphi Live! 2009 ? What is Cooking in the Delphi Labs ? Part 5","2009-05-28T02:56:13-06:00","Jim McKeeth","News","delphi (91), delphi 2009 (15), delphilive (15), News (232), unicode (2), Video podCast (31)","6"
"2009-05-28-what-is-cooking-in-the-delphi-labs-6.md","Delphi Live! 2009 ? What is Cooking in the Delphi Labs ? Part 6","2009-05-28T23:30:06-06:00","Jim McKeeth","News","delphi prism (20), delphilive (15), News (232), prism (4), Video podCast (31)","5"
"2009-05-29-check-out-bbspot-podcast.md","Check out BBspot Podcast","2009-05-29T13:54:43-06:00","Jim McKeeth","News","News (232), podcasting (2)","2"
"2009-05-30-what-is-cooking-in-the-delphi-labs-7.md","Delphi Live! 2009 ? What?s Cooking in the Delphi Labs ? Part 7","2009-05-30T22:08:34-06:00","Jim McKeeth","","AOP (3), Cirrus (2), delphi (91), delphi prism (20), delphilive (15), prism (4), Video podCast (31)","7"
"2009-05-31-video-now-included.md","Video now included","2009-05-31T23:30:44-06:00","Jim McKeeth","","podcast (63), Video podCast (31)","2"
"2009-06-24-fun-side-of-delphi-with-marco-cantu-at-delphi-live-2009.md","Fun Side of Delphi with Marco Cantu at Delphi Live 2009!","2009-06-24T23:21:10-06:00","Jim McKeeth","News","News (232)","1"
"2009-06-29-30-delphi-prism-with-aop.md","30 ? Delphi Prism with AOP","2009-06-29T11:59:32-06:00","Jim McKeeth","News","AOP (3), delphi (91), delphi prism (20), delphilive (15), ipod (2), News (232)","6"
"2009-06-30-delphi-live-2009-whitespace.md","Delphi Live! 2009 ? Whitespace","2009-06-30T03:49:02-06:00","Jim McKeeth","News","News (232)","1"
"2009-07-03-what-do-you-want-to-hear.md","What do you want to hear?","2009-07-03T23:37:17-06:00","Jim McKeeth","News","feedback (1), News (232), podcast (63), uservoice (2)","4"
"2009-07-08-google-chrome-os.md","Google Chrome OS","2009-07-08T01:08:54-06:00","Jim McKeeth","News","chrome (1), linux (4), mono (2), moonlight (1), News (232), silverlight (5)","6"
"2009-07-22-31-monotouchdevelopprism.md","31 ? MonoTouchDevelopPrism","2009-07-22T23:34:43-06:00","Jim McKeeth","","Audio podCast (74), coderage (12), delphi prism (20), delphilive (15), ekon (1), monodevelop (1), monotouch (1), podcast (63), silverlight (5)","9"
"2009-07-23-delphilive-presentation-downloads.md","DelphiLive! Presentation Downloads","2009-07-23T21:04:55-06:00","Jim McKeeth","News","delphi (91), News (232)","2"
"2009-07-28-32-upgrading-wordpress.md","32 ? Upgrading WordPress","2009-07-28T03:28:52-06:00","Jim McKeeth","","Audio podCast (74), podcast (63), Video podCast (31), wordpress (1)","4"
"2009-08-25-delphi-2010-has-30-day-trial.md","Delphi 2010 has 30 Day Trial","2009-08-25T09:44:03-06:00","Jim McKeeth","News","News (232)","1"
"2009-09-08-cirrus-aspect-oriented-programming-replay.md","Cirrus Aspect Oriented Programming Replay","2009-09-08T22:59:11-06:00","Jim McKeeth","",".NET (8), AOP (3), aspects (1), Cirrus (2), delphi prism (20), podcast (63), Video podCast (31)","7"
"2009-09-09-delphi-prism-silverlight-replay.md","Delphi Prism Silverlight Replay","2009-09-09T17:46:26-06:00","Jim McKeeth","","coderage (12), delphi prism (20), dotnet (2), podcast (63), silverlight (5), Video podCast (31)","6"
"2009-10-07-introducing-the-delphi-hotline.md","Introducing The Delphi Hotline","2009-10-07T23:19:44-06:00","Jim McKeeth","News","News (232), podcast (63)","2"
"2009-10-12-33-andreas-hausladen.md","33 ? Andreas Hausladen","2009-10-12T00:30:32-06:00","Jim McKeeth","","Audio podCast (74), delphi (91), extensions (1), podcast (63), Spirit of Delphi (2)","5"
"2009-10-14-making-a-podcast.md","Making a Podcast","2009-10-14T00:01:48-06:00","Jim McKeeth","News","Audio podCast (74), News (232), podcast (63), podcasting (2)","4"
"2009-10-19-34-craig-stuntz.md","34 ? Craig Stuntz","2009-10-19T02:18:16-06:00","Jim McKeeth","","Audio podCast (74), podcast (63)","2"
"2009-10-20-spirit-of-delphi-poll.md","Spirit of Delphi Poll","2009-10-20T10:35:50-06:00","Jim McKeeth","News","delphi (91), News (232), poll (4), Spirit of Delphi (2)","4"
"2009-10-27-shineon.md","ShineOn 1.0.1.0 Released","2009-10-27T15:08:36-06:00","Jim McKeeth","News",".NET (8), News (232), Source Code (33)","3"
"2009-11-02-35-hadi-hariri.md","35 ? Hadi Hariri","2009-11-02T01:19:58-07:00","Jim McKeeth","News","Audio podCast (74), News (232)","2"
"2009-11-02-delphi-legends-2009-community-award.md","Delphi Legends 2009 Community Award","2009-11-02T01:23:32-07:00","Jim McKeeth","News","award (2), community (8), delphi (91), News (232), poll (4)","5"
"2009-11-05-tell-cary-a-birthday-story.md","Tell Cary a Birthday Story","2009-11-05T12:05:30-07:00","Jim McKeeth","News","News (232)","1"
"2009-11-21-36-zarko-gajic.md","36 ? ?arko Gaji?","2009-11-21T03:39:56-07:00","Jim McKeeth","","Audio podCast (74), award (2), best practices (1), delphi (91), Embarcadero (8), questions (5), teaching (1)","7"
"2009-12-15-upcoming-michael-rozlog-interview.md","Upcoming Michael Rozlog Interview","2009-12-15T10:54:56-07:00","Jim McKeeth","","delphi (91), podcast (63), product manager (1), questions (5), Request for feedback (3), road map (1)","6"
"2009-12-16-join-the-delphi-dropbox.md","Join the Delphi Dropbox","2009-12-16T14:31:00-07:00","Jim McKeeth","News","delphi (91), dropbox (2), freeware (1), News (232), Video podCast (31)","5"
"2009-12-21-first-dropbox-post.md","First Dropbox Post","2009-12-21T22:29:17-07:00","Jim McKeeth","News","dropbox (2), News (232), podcast (63)","3"
"2010-02-17-delphi-live-2010-call-for-papers.md","Delphi Live! 2010 ? Call for Papers","2010-02-17T10:19:28-07:00","Jim McKeeth","News","community (8), conference (7), delphi (91), delphilive (15), News (232)","5"
"2010-02-22-michael-rozlog.md","37 ? Michael Rozlog","2010-02-22T22:35:12-07:00","Jim McKeeth","","Audio podCast (74), fulcrum (1), interview (3), linux (4), mac (3), podcast (63), roadmap (1), videos (1)","8"
"2010-02-23-questions-for-marco-cantu-and-cary-jensen.md","Questions for Marco Cantu and Cary Jensen","2010-02-23T13:52:35-07:00","Jim McKeeth","","delphi (91), interview (3), questions (5), Request for feedback (3)","4"
"2010-03-02-marco-cantus-rest-webinar.md","Marco Cantu?s REST Webinar","2010-03-02T18:34:04-07:00","Jim McKeeth","News","delphi (91), free (2), News (232), REST (7), training (1), webinar (23)","6"
"2010-03-10-delphi-live-date-updated.md","Delphi Live! Date Updated","2010-03-10T11:16:40-07:00","Jim McKeeth","News","conference (7), delphi (91), Embarcadero (8), News (232)","4"
"2010-03-16-38-marco-cary.md","38 ? Marco & Cary","2010-03-16T19:11:36-06:00","Jim McKeeth","","Audio podCast (74), Australia (1), conference (7), delphi (91), podcast (63), REST (7), unicode (2)","7"
"2010-03-18-39-marc-hoffman-on-prism-and-mac.md","39 ? marc hoffman on Prism and Mac","2010-03-18T22:18:35-06:00","Jim McKeeth","",".NET (8), Audio podCast (74), delphi (91), mac (3), macosx (2), podcast (63)","6"
"2010-04-08-monotouch-and-the-new-iphone-license.md","MonoTouch and the new iPhone license","2010-04-08T23:19:03-06:00","Jim McKeeth","News","apple (1), ipad (1), iphone (1), News (232)","4"
"2010-04-10-openness-vs-freedom.md","Openness vs. Freedom","2010-04-10T22:18:15-06:00","Jim McKeeth","News","News (232)","1"
"2010-05-05-questions-for-nick-hodges.md","Questions for Nick Hodges","2010-05-05T08:08:02-06:00","Jim McKeeth","News","delphi (91), Embarcadero (8), News (232), questions (5)","4"
"2010-05-10-40-nick-hodges-part-1.md","40 ? Nick Hodges ? Part 1","2010-05-10T07:00:38-06:00","Jim McKeeth","","Audio podCast (74), podcast (63)","2"
"2010-05-18-41-primoz-gabrijelcic-omnithreadlibrary.md","41 ? Primoz Gabrijelcic ? OmniThreadLibrary","2010-05-18T02:05:16-06:00","Jim McKeeth","News","64-bit (1), Audio podCast (74), delphi (91), garbage collection (2), mac (3), News (232), omnithreadlibrary (2), podcast (63)","8"
"2010-05-24-datarage-2-starts-tomorrow.md","DataRage 2 starts TOMORROW!","2010-05-24T12:23:28-06:00","Jim McKeeth","News","News (232)","1"
"2010-05-25-42-david-i.md","42 ? David I","2010-05-25T22:14:21-06:00","Jim McKeeth","","Audio podCast (74), conference (7), delphi (91), Embarcadero (8), podcast (63)","5"
"2010-06-18-delphi-live-2010.md","Delphi Live! 2010","2010-06-18T00:36:47-06:00","Jim McKeeth","News","News (232)","1"
"2010-07-31-43-simon-kissel.md","43 ? Simon Kissel","2010-07-31T22:59:49-06:00","Jim McKeeth","","Audio podCast (74)","1"
"2010-08-03-coderage-5-call-for-papers.md","CodeRage 5 Call For Papers","2010-08-03T13:00:17-06:00","Jim McKeeth","News","News (232)","1"
"2010-08-24-delphi-bots-live.md","Delphi Bots Live!","2010-08-24T17:18:49-06:00","Jim McKeeth","","Conferences (15)","1"
"2010-09-19-delphi-tage-2010.md","Delphi Tage 2010","2010-09-19T09:26:19-06:00","Jim McKeeth","","Audio podCast (74), Conferences (15), delphi (91), delphi-praxis (1), delphi-tage (1), germany (1), indy (1), podcast (63), svn (2)","9"
"2010-12-23-developer-solutions-conference-las-vegas-2011.md","Developer Solutions Conference ? Las Vegas 2011","2010-12-23T01:55:00-07:00","Jim McKeeth","News","Audio podCast (74), News (232)","2"
"2011-01-26-44-allen-bauer.md","44 ? Allen Bauer ? Part 1 of 2","2011-01-26T00:05:13-07:00","Jim McKeeth","","Audio podCast (74), podcast (63)","2"
"2011-02-01-45-allen-bauer.md","45 ? Allen Bauer ? Part 2 of 2","2011-02-01T14:41:48-07:00","Jim McKeeth","","Audio podCast (74), podcast (63)","2"
"2011-04-10-47-marco-cary-delphi-developer-days-2011.md","47 ? Marco & Cary ? Delphi Developer Days 2011","2011-04-10T00:58:31-06:00","Jim McKeeth","","Audio podCast (74), Conferences (15)","2"
"2011-04-28-links-are-back.md","Links are back","2011-04-28T16:55:38-06:00","Jim McKeeth","News","News (232)","1"
"2011-08-22-conference-time.md","Conference Time","2011-08-22T10:21:51-06:00","Jim McKeeth","","Conferences (15)","1"
"2011-10-28-pascal-game-development.md","48 ? Pascal Game Development with Jason McMillen","2011-10-28T12:09:00-06:00","Jim McKeeth","","Audio podCast (74), podcast (63)","2"
"2012-02-21-49-gad-d-lord-and-mtg-studio.md","49 ? Gad D Lord and MTG Studio","2012-02-21T17:53:41-07:00","Jim McKeeth","","Audio podCast (74)","1"
"2012-04-26-good-news-everyone.md","Good news everyone!","2012-04-26T07:15:57-06:00","Jamie Ingilby","News","News (232)","1"
"2012-05-29-50-tables-turned.md","50 ? Tables Turned","2012-05-29T21:50:48-06:00","Jim McKeeth","","Audio podCast (74)","1"
"2012-09-05-51-nick-hodges.md","51 ? Nick Hodges","2012-09-05T20:40:05-06:00","Jim McKeeth","","Audio podCast (74), delphi (91)","2"
"2012-09-20-rad-studio-mobile-road-map-announced.md","RAD Studio Mobile Road Map Announced","2012-09-20T11:52:32-06:00","Jim McKeeth","News","News (232)","1"
"2013-04-22-52-delphi-xe4-for-ios.md","52 ? Marco Cantu & Delphi XE4 for iOS","2013-04-22T22:02:37-06:00","Jim McKeeth","","Audio podCast (74)","1"
"2013-07-22-53-subject-33-android-game-development.md","53 ? Subject 33 & Android Game Development","2013-07-22T09:07:53-06:00","Jim McKeeth","","Audio podCast (74)","1"
"2013-07-22-also-on-the-tablet-show-2.md","Also on the Tablet Show","2013-07-22T17:45:05-06:00","Jim McKeeth","","Audio podCast (74)","1"
"2013-07-24-why-mobile-apps-web-are-so-slow.md","Why Some Mobile Apps are So Slow","2013-07-24T00:00:07-06:00","Jim McKeeth","","Architecture (4)","1"
"2013-07-25-iphone-windows-os-x.md","Directions to iPhone, Windows & OS X","2013-07-25T09:32:21-06:00","Jim McKeeth","","Graphics (4)","1"
"2013-08-02-programming-languages-not-0-sum.md","Sum(Programming Languages) > 0","2013-08-02T12:32:43-06:00","Jim McKeeth","","Commentary (4)","1"
"2013-08-12-data-visualization-with-ray-konopka.md","Data Visualization with Ray Konopka","2013-08-12T19:38:43-06:00","Jim McKeeth","","webinar (23)","1"
"2013-08-13-sneak-peak-android-sdk-ndk-and-device-support-in-delphi.md","Sneak Peek: Android SDK, NDK and Device Support in Delphi","2013-08-13T16:13:08-06:00","Jim McKeeth","News","News (232)","1"
"2013-08-16-sneak-peek-delphi-firephoto-app-on-android.md","Sneak Peek: Delphi FirePhoto app on Android","2013-08-16T09:23:30-06:00","Jim McKeeth","News","News (232)","1"
"2013-08-19-how-delphi-and-c-are-more-alike-than-you-may-know.md","How Delphi and C# Are More Alike Than You May Know","2013-08-19T15:37:34-06:00","Jim McKeeth","","webinar (23)","1"
"2013-08-21-sneak-peek-of-delphi-xe5-android-datasnap.md","Sneak Peek of Delphi XE5: Android DataSnap","2013-08-21T02:09:52-06:00","Jim McKeeth","News","News (232)","1"
"2013-08-30-delphi-xe5-mobile-rest-client-demo.md","Delphi XE5 Mobile REST Client Demo","2013-08-30T05:25:38-06:00","Jim McKeeth","News","News (232)","1"
"2013-09-02-tips-for-solving-bugs.md","Tips for Solving Bugs","2013-09-02T10:57:09-06:00","Jim McKeeth","","Article (7)","1"
"2013-09-12-mobile-location-on-ios-and-android.md","Mobile Location on iOS and Android","2013-09-12T18:23:01-06:00","Jim McKeeth","","Source Code (33)","1"
"2013-09-13-gexperts-for-xe5-experimental-build.md","GExperts for XE5 Experimental Build","2013-09-13T21:03:19-06:00","Jim McKeeth","News","News (232)","1"
"2013-09-16-android-screen-view.md","Android Screen View","2013-09-16T12:24:50-06:00","Jim McKeeth","News","Delphi Projects (8), News (232), Source Code (33), Utility (1)","4"
"2013-09-17-debugging-against-a-remote-android-emulator.md","Debugging Against a Remote Android Emulator","2013-09-17T20:59:00-06:00","Jim McKeeth","News","Debugging (3), Mobile (32), News (232)","3"
"2013-09-17-monkeymixer-updated-for-delphi-xe5.md","MonkeyMixer updated for Delphi XE5","2013-09-17T06:44:52-06:00","Jim McKeeth","News","News (232)","1"
"2013-09-18-delphi-xe5-mobile-rest-client-demo-source.md","Delphi XE5 Mobile REST Client Demo Source","2013-09-18T06:17:39-06:00","Jim McKeeth","News","Delphi Projects (8), News (232), REST (7), Source Code (33)","4"
"2013-09-19-delphi-xe5-android-device-compatibility.md","Delphi XE5 Android Device Compatibility","2013-09-19T22:14:55-06:00","Jim McKeeth","News","Mobile (32), News (232)","2"
"2013-09-20-syscheck-for-xe5-compatibility.md","SysCheck for XE5 Compatibility","2013-09-20T22:27:25-06:00","Jim McKeeth","News","Mobile (32), News (232)","2"
"2013-09-23-android-fragmentation.md","Android Fragmentation","2013-09-23T08:14:39-06:00","Jim McKeeth","News","Mobile (32), News (232)","2"
"2013-09-24-delphi-xe5-android-wallpaper.md","Delphi XE5 Android Wallpaper","2013-09-24T17:55:07-06:00","Jim McKeeth","","Graphics (4)","1"
"2013-09-24-tms-pack-for-firemonkey-now-supports-xe5-and-android.md","TMS Pack for FireMonkey now supports XE5 and Android","2013-09-24T08:05:50-06:00","Jim McKeeth","","Components (5), iOS (26), Mobile (32)","3"
"2013-09-25-blackberry-is-still-ahead-of-microsoft.md","Blackberry is Still Ahead of Microsoft","2013-09-25T13:27:42-06:00","Jim McKeeth","","iOS (26), Mobile (32)","2"
"2013-09-30-new-embarcadero-mvps.md","New Embarcadero MVPs","2013-09-30T15:01:45-06:00","Jim McKeeth","","MVP (30)","1"
"2013-10-02-6-stages-of-debugging.md","6 Stages of Debugging","2013-10-02T20:18:25-06:00","Jim McKeeth","","Funny (5)","1"
"2013-10-02-delphi-xe5-android-uses-permissions.md","Delphi XE5 Android ?Uses Permissions?","2013-10-02T08:34:29-06:00","Jim McKeeth","News","News (232)","1"
"2013-10-03-coderage-8-is-coming.md","CodeRage 8 Is Coming!","2013-10-03T18:23:27-06:00","Jim McKeeth","","Conferences (15)","1"
"2013-10-15-fun-with-external-java-libraries-on-xe5-by-paul-foster.md","Fun with external Java libraries on XE5 by Paul Foster","2013-10-15T08:32:58-06:00","Jim McKeeth","News","News (232)","1"
"2013-10-15-reading-barcodes-with-xe5-preliminary-post.md","Reading Barcodes with XE5 ? Preliminary post","2013-10-15T09:20:55-06:00","Jim McKeeth","","iOS (26), Mobile (32)","2"
"2013-10-15-sending-a-url-to-another-app-on-android-and-ios-with-delphi-xe5.md","Sending a URL to Another App on Android and iOS with Delphi XE5","2013-10-15T13:32:44-06:00","Jim McKeeth","","Conferences (15), iOS (26), Mobile (32)","3"
"2013-10-17-things-i-learned-from-delphi-coderage-8.md","Things I Learned from Delphi CodeRage 8","2013-10-17T21:23:12-06:00","Jim McKeeth","","coderage (12), Conferences (15)","2"
"2013-10-18-wireless-android-debugging-with-delphi-xe5.md","Wireless Android Debugging with Delphi xE5","2013-10-18T11:37:31-06:00","Jim McKeeth","News","abd wireless (1), News (232)","2"
"2013-11-05-hello-google-glass-from-delphi-xe5.md","Hello Google Glass from Delphi XE5","2013-11-05T16:32:02-07:00","Jim McKeeth","News","Delphi Projects (8), Mobile (32), News (232)","3"
"2013-11-06-my-north-america-tour-stops.md","Stops on My North America Tour","2013-11-06T09:40:22-07:00","Jim McKeeth","News","Conferences (15), News (232)","2"
"2013-11-07-installing-and-running-android-apps-from-command-line.md","Installing and Running Android Apps From Command-Line","2013-11-07T09:19:00-07:00","Jim McKeeth","News","News (232)","1"
"2013-11-08-more-complete-supported-android-devies-list.md","More Complete Supported Android Devies List","2013-11-08T07:54:39-07:00","Jim McKeeth","News","News (232)","1"
"2013-11-18-8-tips-to-speed-up-your-android-arm-emulator-avd.md","8 Tips to Speed Up Your Android ARM Emulator (AVD)","2013-11-18T17:28:14-07:00","Jim McKeeth","News","Debugging (3), News (232)","2"
"2013-11-19-new-mvps-directory.md","New MVPs & Directory","2013-11-19T13:59:31-07:00","Jim McKeeth","","MVP (30)","1"
"2013-12-04-my-favorite-quote-from-the-xe5-tour.md","My Favorite Quote from the XE5 Tour","2013-12-04T23:51:25-07:00","Jim McKeeth","","iOS (26)","1"
"2013-12-16-a-tale-of-two-grids.md","A Tale of Two Grids","2013-12-16T18:52:06-07:00","Jim McKeeth","","iOS (26), Mobile (32)","2"
"2013-12-23-delphi-xe5-mobile-app-workshop.md","Delphi XE5 Mobile App Development Workshop","2013-12-23T17:45:23-07:00","Jim McKeeth","","MVP (30), webinar (23)","2"
"2013-12-31-firedac-is-recommended.md","FireDAC is the Recommended Database Access Library","2013-12-31T00:47:14-07:00","Jim McKeeth","News","iOS (26), Mobile (32), News (232), webinar (23)","4"
"2014-01-09-custom-android-adb-usb.md","Connecting to Any Android with ADB via USB","2014-01-09T14:21:09-07:00","Jim McKeeth","News","News (232)","1"
"2014-01-10-launching-a-delphi-xe5-app-via-voice-on-google-glass.md","Launching a Delphi XE5 App via Voice on Google Glass","2014-01-10T15:59:26-07:00","Jim McKeeth","News","Google Glass (1), News (232)","2"
"2014-01-14-skeuomorphic-no-more.md","Skeuomorphic No More?","2014-01-14T16:04:08-07:00","Jim McKeeth","","design (5), iOS (26), Mobile (32)","3"
"2014-01-16-buffering-sensor-data.md","Buffering Sensor Data","2014-01-16T15:33:41-07:00","Jim McKeeth","","iOS (26), Mobile (32), webinar (23)","3"
"2014-01-17-maximized-side-by-side-code-editing.md","Maximized Side-by-Side Code Editing","2014-01-17T12:12:04-07:00","Jim McKeeth","News","News (232)","1"
"2014-01-24-learning-from-digifort.md","Learning from Digifort","2014-01-24T13:20:00-07:00","Jim McKeeth","","Delphi Projects (8), iOS (26), Mobile (32)","3"
"2014-01-29-every-android-api-for-delphi.md","Every Android API for Delphi","2014-01-29T20:46:51-07:00","Jim McKeeth","","MVP (30), Source Code (33)","2"
"2014-02-01-connecting-to-the-parrot-ar-drone-2-0-from-delphi-xe5.md","Connecting to the Parrot AR.Drone 2.0 from Delphi XE5","2014-02-01T22:36:56-07:00","Jim McKeeth","","api (3), Brain Computer Interface (5), delphi (91), devices (8), gadgets (7), iOS (26), Mobile (32), parrot (1), quadricopter (1), xe5 (3)","10"
"2014-02-02-connecting-delphi-to-my-brain-with-the-emotiv-epoc.md","Connecting Delphi to my Brain with the Emotiv EPOC","2014-02-02T12:43:29-07:00","Jim McKeeth","","Brain Computer Interface (5), brain-computer-interface (1), delphi (91), devices (8), emotiv (1), gadgets (7), webinar (23)","7"
"2014-02-03-rest-and-the-kimono.md","REST and the Kimono","2014-02-03T20:35:03-07:00","Jim McKeeth","News","News (232), REST (7), TRESTClient (2)","3"
"2014-02-04-oh-yeah-the-ouya.md","Oh Yeah, the Ouya!","2014-02-04T22:50:31-07:00","Jim McKeeth","","android (3), api (3), delphi (91), Device (1), games (1), ouya (1), SDK (1), webinar (23), xe5 (3)","9"
"2014-02-05-xe5-rest-debugger-supercharged.md","XE5 REST Debugger Supercharged","2014-02-05T15:55:26-07:00","Jim McKeeth","News","Kimono (1), News (232), Source Code (33), xe5 (3)","4"
"2014-02-06-connecting-to-the-kinect-for-windows-with-delphi-xe5.md","Connecting to the Kinect for Windows with RAD Studio XE5","2014-02-06T23:08:29-07:00","Jim McKeeth","","3D (2), gadgets (7), Input (1), Kinect (1), Motion Capture (1)","5"
"2014-02-08-revisiting-google-glass.md","Revisiting Google Glass","2014-02-08T23:46:20-07:00","Jim McKeeth","","iOS (26), webinar (23)","2"
"2014-02-08-scanning-barcodes-with-rad-studio-xe5.md","Scanning Barcodes with RAD Studio XE5","2014-02-08T01:08:34-07:00","Jim McKeeth","","Components (5), iOS (26)","2"
"2014-02-09-delphi-unit-testing-tools.md","Delphi Unit Testing Tools","2014-02-09T20:56:58-07:00","Jim McKeeth","","Code Coverage (1), Delphi Mocks (1), DUnit (1), DUnitX (1), mock objects (1), unit test (1), unit testing (1), webinar (23)","8"
"2014-02-14-indispensable-delphi-libraries.md","Indispensable Delphi Libraries","2014-02-14T15:53:16-07:00","Jim McKeeth","","Components (5), libraries (1), omnithreadlibrary (2), open source (1)","4"
"2014-02-20-hidden-features-in-the-delphi-object-pascal-language.md","Hidden features in the Delphi Object Pascal language","2014-02-20T15:19:01-07:00","Jim McKeeth","","Commentary (4), delphi (91), object pascal (2), Programming Languages (2), stackoverflow (5)","5"
"2014-02-21-the-delphi-object-pascal-language.md","The Delphi Object Pascal Language","2014-02-21T12:02:11-07:00","Jim McKeeth","","Commentary (4), delphi (91), Language (1), object pascal (2), Pascal (1)","5"
"2014-02-24-coderage-c.md","CodeRage C++","2014-02-24T06:37:42-07:00","Jim McKeeth","","C++Builder (2), Conferences (15), delphi (91)","3"
"2014-03-03-setting-android-settings.md","Setting Android Settings","2014-03-03T14:53:59-07:00","Jim McKeeth","News","android (3), api (3), News (232), settings (1)","4"
"2014-04-04-thought-controlled-quadcopter.md","Thought Controlled Quadcopter","2014-04-04T11:47:52-06:00","Jim McKeeth","","Brain Computer Interface (5), Delphi Projects (8), gadgets (7)","3"
"2014-04-11-what-you-need-to-know-1.md","What You Need To Know #1","2014-04-11T10:42:47-06:00","Jim McKeeth","News","News (232)","1"
"2014-04-16-cbuilder-xe6-for-android-wallpaper.md","C++Builder XE6 for Android Wallpaper","2014-04-16T07:07:37-06:00","Jim McKeeth","News","Graphics (4), News (232)","2"
"2014-04-18-meet-me-in-chicago-d-c-for-a-first-look-at-xe6.md","Meet Me in Chicago & D.C./Baltimore for a First Look at XE6","2014-04-18T13:22:14-06:00","Jim McKeeth","News","Brain Computer Interface (5), Conferences (15), News (232)","3"
"2014-04-21-opengl-es-support-on-mobile-with-xe6.md","OpenGL ES Support on Mobile with XE6","2014-04-21T17:04:30-06:00","Jim McKeeth","","Graphics (4), iOS (26), Mobile (32), Source Code (33)","4"
"2014-05-05-bluetooth-remote-control-car.md","BlueTooth Remote Control Car","2014-05-05T05:56:04-06:00","Jim McKeeth","News","gadgets (7), Mobile (32), News (232)","3"
"2014-05-06-where-is-stringtojstring-and-strtonsstr-in-xe6.md","Where is StringToJString and StrToNSStr in XE6?","2014-05-06T07:38:27-06:00","Jim McKeeth","News","News (232)","1"
"2014-05-20-delphi-xe6-is-on-fire.md","Delphi XE6 is on Fire","2014-05-20T15:50:19-06:00","Jim McKeeth","News","News (232)","1"
"2014-05-21-parrot-ar-drone-2-0-delphi-component.md","Parrot AR.Drone 2.0 Delphi Component","2014-05-21T17:28:20-06:00","Jim McKeeth","","Components (5), gadgets (7), iOS (26), Source Code (33)","4"
"2014-05-22-delphi-sensors-on-windows-8-tablet.md","Delphi Sensors on Windows 8 Tablet","2014-05-22T09:26:47-06:00","Jim McKeeth","","devices (8)","1"
"2014-05-23-clone-from-github-in-delphi.md","Clone from GitHub in Delphi IDE","2014-05-23T04:39:48-06:00","Jim McKeeth","News","News (232)","1"
"2014-05-26-know-your-alignments.md","Know Your Alignments","2014-05-26T04:17:13-06:00","Jim McKeeth","","design (5)","1"
"2014-06-19-meet-me-in-philly-at-the-codecamp.md","Meet Me in Philly at the CodeCamp","2014-06-19T10:27:12-06:00","Jim McKeeth","","Brain Computer Interface (5), Conferences (15)","2"
"2014-07-01-integrate-cloud-services-with-the-restjson-client.md","Integrate Cloud Services with the REST/JSON Client","2014-07-01T09:58:55-06:00","Jim McKeeth","","webinar (23)","1"
"2014-07-08-custom-classes-dex.md","Android JNI Bridge and Custom Classes.dex","2014-07-08T00:34:22-06:00","Jim McKeeth","News","Mobile (32), MVP (30), News (232), Source Code (33), webinar (23)","5"
"2014-07-11-android-voice.md","Skill Sprint: Android Voice ? Speech Recognition and TTS","2014-07-11T11:19:16-06:00","Jim McKeeth","","Mobile (32), Source Code (33), webinar (23)","3"
"2014-07-22-mobile-summer-school-lesson-5-app-tethering-round-up.md","Mobile Summer School Lesson 5: App Tethering Round-Up","2014-07-22T09:57:11-06:00","Jim McKeeth","","Mobile (32), Source Code (33), webinar (23)","3"
"2014-07-24-mobile-summer-school-6-rest-baas.md","Mobile Summer School 6: REST & BaaS","2014-07-24T17:16:18-06:00","Jim McKeeth","","iOS (26), Mobile (32), Source Code (33), webinar (23)","4"
"2014-07-31-developer-skill-sprint-effectively-using-delphi-generics-with-ray-konopka.md","Developer Skill Sprint: Effectively Using Delphi Generics with Ray Konopka","2014-07-31T04:54:21-06:00","Jim McKeeth","","webinar (23)","1"
"2014-08-06-how-to-get-answers-to-your-questions.md","How to Get Answers to Your Questions","2014-08-06T19:47:31-06:00","Jim McKeeth","","Commentary (4)","1"
"2014-08-13-what-about-blackberry.md","What About Blackberry?","2014-08-13T11:08:03-06:00","Jim McKeeth","News","Mobile (32), News (232)","2"
"2014-09-17-the-fireui-multi-device-designer-in-rad-studio-xe7.md","The FireUI: Multi-Device Designer in RAD Studio XE7","2014-09-17T12:03:10-06:00","Jim McKeeth","","devices (8), iOS (26), Mobile (32)","3"
"2014-09-19-hello-moto-360-from-delphi-xe7.md","Hello Moto 360 from Delphi XE7","2014-09-19T10:40:04-06:00","Jim McKeeth","","Source Code (33)","1"
"2014-10-01-new-xe7-android-features.md","New XE7 Android Features Skill Sprint","2014-10-01T10:41:32-06:00","Jim McKeeth","News","Mobile (32), News (232), Video podCast (31)","3"
"2014-10-06-meet-me-in-sao-paulo-brazil-at-the-embarcadero-conference.md","Meet Me in S??o Paulo, Brazil at the Embarcadero Conference","2014-10-06T15:59:00-06:00","Jim McKeeth","News","News (232)","1"
"2014-10-28-fire-ui-and-the-multi-device-designer.md","Fire UI and the Multi-Device Designer","2014-10-28T08:18:36-06:00","Jim McKeeth","","design (5), Mobile (32)","2"
"2014-10-28-voice-enable-your-android-apps.md","Voice Enable Your Android Apps","2014-10-28T17:06:00-06:00","Jim McKeeth","News","Mobile (32), News (232)","2"
"2014-11-04-developing-on-the-samsung-gear-live-smart-watch.md","Developing on the Samsung Gear Live Smart Watch","2014-11-04T17:03:43-07:00","Jim McKeeth","News","devices (8), News (232)","2"
"2014-11-18-what-is-the-internet-of-things.md","What is the Internet of Things?","2014-11-18T16:17:01-07:00","Jim McKeeth","","Internet of Things (3)","1"
"2014-12-22-last-minute-christmas-shopping-ideas.md","Last Minute Christmas Shopping Ideas","2014-12-22T17:21:50-07:00","Jim McKeeth","News","News (232)","1"
"2014-12-29-mobile-push-notifications-without-a-baas.md","Mobile Push Notifications without a BaaS","2014-12-29T14:32:30-07:00","Jim McKeeth","","iOS (26), Mobile (32)","2"
"2015-01-05-tweet-delphi-code2014.md","Tweet Delphi #Code2014","2015-01-05T12:55:37-07:00","Jim McKeeth","News","News (232)","1"
"2015-01-07-episode-54-sarina-dupont.md","Episode 54 ? Sarina DuPont","2015-01-07T09:53:03-07:00","Jim McKeeth","","Audio podCast (74), podcast (63)","2"
"2015-01-12-delphi-and-the-code2014-rankings.md","Delphi and the #Code2014 Rankings","2015-01-12T13:41:24-07:00","Jim McKeeth","News","News (232)","1"
"2015-01-20-run-outside-handler-making-a-non-blocking-call.md","Run Outside the Handler or Making a Non-Blocking Call","2015-01-20T16:31:09-07:00","Jim McKeeth","","Source Code (33)","1"
"2015-01-21-episode-55-interview-with-jt.md","Episode #55 ? Interview with JT","2015-01-21T13:33:52-07:00","Jim McKeeth","","Audio podCast (74), podcast (63)","2"
"2015-01-22-radiant-shapes.md","Looking at Radiant Shapes","2015-01-22T15:30:20-07:00","Jim McKeeth","News","design (5), iOS (26), News (232)","3"
"2015-01-30-delphi-hackathon.md","Delphi Hackathon","2015-01-30T13:47:49-07:00","Jim McKeeth","News","News (232)","1"
"2015-02-03-parallel-for-loops.md","Parallel For Loops","2015-02-03T06:11:41-07:00","Jim McKeeth","","Architecture (4), iOS (26), Mobile (32), Source Code (33)","4"
"2015-02-04-interview-with-darren-kosinski.md","Interview with Darren Kosinski","2015-02-04T16:22:01-07:00","Jim McKeeth","","Audio podCast (74), podcast (63)","2"
"2015-02-05-delphiweek-and-codebattles.md","DelphiWeek and CodeBattles","2015-02-05T22:53:04-07:00","Jim McKeeth","News","News (232)","1"
"2015-02-08-factorials-combinations-permutaions.md","Factorials, Combinations & Permutaions","2015-02-08T18:56:51-07:00","Jim McKeeth","","Source Code (33)","1"
"2015-02-10-deep-dive-into-futures-and-the-parallel-programming-library.md","Deep Dive into Futures and the Parallel Programming Library","2015-02-10T06:16:15-07:00","Jim McKeeth","","Source Code (33)","1"
"2015-02-19-code-monkey-in-delphi-code.md","Code Monkey in Delphi Code","2015-02-19T06:39:21-07:00","Jim McKeeth","","Funny (5), iOS (26), Source Code (33), Video podCast (31)","4"
"2015-03-11-brian-alexakis-and-virtual-reality.md","Brian Alexakis and Virtual Reality","2015-03-11T20:08:00-06:00","Jim McKeeth","","Audio podCast (74), podcast (63)","2"
"2015-03-12-firedac-in-memory-dataset-tfdmemtable.md","FireDAC In-Memory DataSet: TFDMemTable","2015-03-12T05:00:32-06:00","Jim McKeeth","","Source Code (33), webinar (23)","2"
"2015-03-19-firedac-local-sql.md","FireDAC: Local SQL","2015-03-19T05:34:31-06:00","Jim McKeeth","","Source Code (33), webinar (23)","2"
"2015-03-25-an-interview-with-ray-konopka.md","An Interview with Ray Konopka","2015-03-25T17:49:42-06:00","Jim McKeeth","","Audio podCast (74), podcast (63)","2"
"2015-04-09-cors-on-datasnap-rest-server.md","CORS on DataSnap REST Server","2015-04-09T09:04:50-06:00","Jim McKeeth","News","News (232), Source Code (33)","2"
"2015-05-03-mvp-tweets-of-the-week-april-26-2015.md","MVP Tweets of the Week ? April 26, 2015","2015-05-03T19:07:56-06:00","Jim McKeeth","","MVP (30)","1"
"2015-06-15-brain-computer-interface-demo-video.md","Brain Computer Interface Demo video","2015-06-15T10:00:40-06:00","Jim McKeeth","News","News (232)","1"
"2015-06-29-googles-project-brillo-weave-and-delphi.md","Google???s Project Brillo, Weave, and Delphi","2015-06-29T20:10:08-06:00","Jim McKeeth","News","devices (8), Internet of Things (3), News (232)","3"
"2015-08-07-adding-to-the-android-user-dictionary.md","Adding to the Android User Dictionary","2015-08-07T10:01:59-06:00","Jim McKeeth","News","News (232)","1"
"2015-08-13-conversation-with-allen-bauer-chief-scientist.md","Conversation with Allen Bauer, Chief Scientist","2015-08-13T14:32:11-06:00","Jim McKeeth","","Audio podCast (74), podcast (63)","2"
"2015-09-01-rad-studio-10-seattle-early-bird-offer.md","RAD Studio 10 Seattle Early Bird Offer","2015-09-01T21:41:31-06:00","Jim McKeeth","News","News (232)","1"
"2015-09-03-minimalistic-android-service-with-delphi-10-seattle.md","Minimalistic Android Service with Delphi 10 Seattle","2015-09-03T07:32:48-06:00","Jim McKeeth","News","Android-Services (4), News (232)","2"
"2015-09-19-mongodb-firedac-c-sample.md","MongoDB FireDAC C++ Sample","2015-09-19T10:58:06-06:00","Jim McKeeth","","C# (2), DataBase (3), FireDAC (5), MongoDB (2)","4"
"2015-09-19-more-on-android-services-with-delphi-10-seattle.md","More on Android Services with Delphi 10 Seattle","2015-09-19T10:35:23-06:00","Jim McKeeth","","Android-Services (4), iOS (26), Mobile (32)","3"
"2015-09-23-export-trello-to-csv.md","Export Trello to CSV","2015-09-23T20:59:36-06:00","Jim McKeeth","News","DataBase (3), FireDAC (5), News (232), REST (7), TFDLocalSQL (1), Trello (1)","6"
"2015-09-24-another-android-background-services-video.md","Another Android Background Services Video","2015-09-24T14:30:51-06:00","Jim McKeeth","News","Android-Services (4), News (232)","2"
"2015-10-07-more-coding-in-delphi-in-more-formats.md","More Coding In Delphi in More Formats","2015-10-07T21:07:47-06:00","Jim McKeeth","News","News (232)","1"
"2015-10-15-new-delphi-seattle-mongodb-sample.md","New Delphi Seattle MongoDB Sample","2015-10-15T13:58:23-06:00","Jim McKeeth","","DataBase (3), MongoDB (2), Source Code (33)","3"
"2015-10-22-connecting-the-philips-hue-bridge-to-wi-fi.md","Connecting the Philips Hue Bridge to Wi-Fi","2015-10-22T10:28:56-06:00","Jim McKeeth","","gadgets (7), Phillips Hue (1)","2"
"2015-10-23-android-services-presentations-and-workarounds.md","Android Services Presentations and Workarounds","2015-10-23T08:27:35-06:00","Jim McKeeth","News","Android-Services (4), Conferences (15), News (232)","3"
"2015-10-23-t-shirts-from-brazil-delphi-conference.md","T-Shirts from Brazil Delphi Conference","2015-10-23T05:32:35-06:00","Jim McKeeth","","Conferences (15)","1"
"2015-10-27-delphi-and-rest-client-development.md","Delphi and REST Client Development","2015-10-27T15:14:44-06:00","Jim McKeeth","News","News (232), REST (7)","2"
"2015-10-29-rest-client-video-challenge.md","REST Client Video Challenge","2015-10-29T15:29:23-06:00","Jim McKeeth","News","iOS (26), Mobile (32), News (232)","3"
"2015-11-02-podcast-episode-60-victory-fernandes.md","Podcast Episode 60 ? Victory Fernandes","2015-11-02T16:54:15-07:00","Jim McKeeth","","Audio podCast (74), podcast (63)","2"
"2015-11-06-how-to-alias-a-procedure.md","How to Reference a Procedure","2015-11-06T10:33:34-07:00","Jim McKeeth","","Source Code (33)","1"
"2015-12-08-hour-of-codingame-with-object-pascal-delphi.md","Hour of CodinGame with Object Pascal / Delphi","2015-12-08T11:27:33-07:00","Jim McKeeth","","CodinGame (1), delphi (91), Education (1), hour of code (1), Learning (1), webinar (23)","6"
"2015-12-15-skill-sprint-using-firemonkey-layouts.md","Skill Sprint: Using FireMonkey Layouts","2015-12-15T05:42:31-07:00","Jim McKeeth","","FireMonkey (7), Layouts (1), Skill Sprint (1), webinar (23)","4"
"2015-12-21-what-are-mvps-saying-about-delphi-and-cbuilder-10-seattle.md","What MVPs Are Saying about Delphi and C++Builder 10 Seattle","2015-12-21T10:56:46-07:00","Jim McKeeth","","10Seattle (1), MVP (30)","2"
"2016-01-26-decompressing-the-trestresponse.md","Decompressing the TRESTResponse","2016-01-26T09:56:23-07:00","Jim McKeeth","News","compression (1), GZIP (1), JSON (1), News (232), REST (7), TIdCompressorZLib (1), TRESTClient (2), TRESTResponse (1)","8"
"2016-02-05-10-reasons-to-use-paserver-for-windows-deployment.md","10 Reasons to Use PAServer for Remote Windows Deployment","2016-02-05T15:37:48-07:00","Jim McKeeth","News","Debugging (3), deployment (1), News (232), PAClient (1), PAServer (1), Tablets (1), windows (1)","7"
"2016-02-08-the-year-of-the-firemonkey.md","The Year of the FireMonkey","2016-02-08T10:59:34-07:00","Jim McKeeth","News","FireMonkey (7), News (232)","2"
"2016-03-09-meet-the-new-embarcadero-mvps.md","Meet the New Embarcadero MVPs","2016-03-09T19:51:23-07:00","Jim McKeeth","","MVP (30)","1"
"2016-03-15-what-is-your-favorite-delphi-demo.md","What is Your Favorite Delphi Demo?","2016-03-15T21:47:40-06:00","Jim McKeeth","News","News (232)","1"
"2016-03-23-embarcadero-mvp-of-the-year-for-2015-stefan-glienke.md","Embarcadero MVP of the Year for 2015 ? Stefan Glienke","2016-03-23T09:55:53-06:00","Jim McKeeth","News","MVP (30), News (232)","2"
"2016-04-06-mvp-of-the-week-jens-fudge.md","MVP of the Week: Jens Fudge","2016-04-06T19:08:34-06:00","Jim McKeeth","","MVP (30)","1"
"2016-04-13-mvp-of-the-week-robert-love.md","MVP of the Week: Robert Love","2016-04-13T22:10:15-06:00","Jim McKeeth","News","Audio podCast (74), MVP (30), News (232), podcast (63)","4"
"2016-04-21-mvp-of-the-week-danny-wind.md","MVP of the Week: Danny Wind","2016-04-21T09:34:38-06:00","Jim McKeeth","News","MVP (30), News (232)","2"
"2016-04-25-where-is-the-activex-project-type-for-delphi-10-1-berlin.md","Where is the ActiveX Project Type for Delphi 10.1 Berlin?","2016-04-25T14:57:59-06:00","Jim McKeeth","News","10.1 (1), ActiveX (1), Berlin (1), delphi (91), News (232)","5"
"2016-04-27-mvp-of-the-week-yilmaz-yoru.md","MVP of the Week: Yilmaz Y??r??","2016-04-27T21:44:59-06:00","Jim McKeeth","News","Audio podCast (74), C++Builder (2), MVP (30), News (232), podcast (63), Video podCast (31)","6"
"2016-05-04-mvp-of-the-week-nick-hodges.md","MVP of the Week: Nick Hodges","2016-05-04T22:53:13-06:00","Jim McKeeth","News","MVP (30), News (232)","2"
"2016-05-12-mvp-of-the-week-bertie-buitendag.md","MVP of the Week: Bertie Buitendag","2016-05-12T01:01:19-06:00","Jim McKeeth","News","MVP (30), News (232)","2"
"2016-05-19-mvp-of-the-week-nirav-kaku.md","MVP of the Week: Nirav Kaku","2016-05-19T15:33:43-06:00","Jim McKeeth","News","MVP (30), News (232)","2"
"2016-05-23-more-new-mvps.md","More New MVPs","2016-05-23T19:23:39-06:00","Jim McKeeth","","MVP (30)","1"
"2016-05-26-1password-for-windows-is-written-in-delphi.md","1Password for Windows is Written in Delphi!","2016-05-26T07:29:45-06:00","Jim McKeeth","News","News (232)","1"
"2016-06-01-mvp-of-the-week-alister-christie.md","MVP of the Week: Alister Christie","2016-06-01T14:11:13-06:00","Jim McKeeth","News","MVP (30), News (232)","2"
"2016-06-02-what-is-delphis-dna.md","What is Delphi?s DNA?","2016-06-02T19:52:24-06:00","Jim McKeeth","","Article (7)","1"
"2016-06-03-firemonkey-and-the-android-misconception.md","FireMonkey and the Android Misconception","2016-06-03T12:41:41-06:00","Jim McKeeth","News","Article (7), Mobile (32), News (232)","3"
"2016-06-04-1passwords-components.md","More on 1Password?s Components","2016-06-04T21:36:41-06:00","Jim McKeeth","News","Article (7), News (232)","2"
"2016-06-06-cool-app-contender-hop-hunger-obesity-prevention-app.md","Cool App Contender: HOP (Hunger Obesity Prevention) App","2016-06-06T06:38:45-06:00","Jim McKeeth","News","Internet of Things (3), iOS (26), Mobile (32), News (232)","4"
"2016-06-07-cool-app-contender-atlasbuilder.md","Cool App Contender: AtlasBuilder","2016-06-07T06:41:30-06:00","Jim McKeeth","News","News (232)","1"
"2016-06-08-cool-app-contender-briskbard.md","Cool App Contender: BriskBard","2016-06-08T20:19:16-06:00","Jim McKeeth","News","News (232)","1"
"2016-06-09-cool-app-contender-rain-in-denmark.md","Cool App Contender: Rain in Denmark","2016-06-09T08:04:54-06:00","Jim McKeeth","News","News (232)","1"
"2016-06-10-mimix-3d-profile-scanner.md","Cool App Contender: Mimix 3D Profile Scanner","2016-06-10T08:57:14-06:00","Jim McKeeth","News","News (232)","1"
"2016-06-15-cool-app-contender-alignmix-professional.md","Cool App Contender: AlignMix Professional","2016-06-15T00:34:32-06:00","Jim McKeeth","News","News (232)","1"
"2016-06-15-mvp-of-the-week-german-estevez.md","MVP of the Week: Germ??n Est??vez","2016-06-15T15:17:32-06:00","Jim McKeeth","News","MVP (30), News (232)","2"
"2016-06-18-cool-app-contender-floccipender-the-word-descrambler.md","Cool App Contender: Floccipender the Word Descrambler","2016-06-18T14:21:39-06:00","Jim McKeeth","News","News (232)","1"
"2016-06-29-mvp-spotlight-jordi-corbilla.md","MVP Spotlight: Jordi Corbilla","2016-06-29T16:28:39-06:00","Jim McKeeth","News","MVP (30), News (232)","2"
"2016-07-06-mvp-spotlight-cary-jensen.md","MVP Spotlight: Cary Jensen","2016-07-06T12:23:59-06:00","Jim McKeeth","","MVP (30)","1"
"2016-07-13-mvp-spotlight-dr-bob-swart.md","MVP Spotlight: Dr. Bob Swart","2016-07-13T21:19:32-06:00","Jim McKeeth","News","MVP (30), News (232)","2"
"2016-07-21-top-10-reasons-to-be-a-delphi-developer.md","Top 10 Reasons to be a Delphi Developer","2016-07-21T16:13:51-06:00","Jim McKeeth","News","News (232)","1"
"2016-07-22-top-11-computer-programmers-of-all-time.md","Top 11 Computer Programmers of All Time","2016-07-22T18:51:07-06:00","Jim McKeeth","News","News (232)","1"
"2016-07-26-cool-app-contender-network-fool-card-game.md","Cool App Contender: Network Fool Card Game","2016-07-26T02:04:54-06:00","Jim McKeeth","News","Cool Apps (3), News (232)","2"
"2016-08-02-cool-app-contender-sumotori-de-chu.md","Cool App Contender: SUMOTORI DE CHU","2016-08-02T10:28:00-06:00","Jim McKeeth","News","Cool Apps (3), News (232)","2"
"2016-08-03-mvp-spotlight-samuel-muka-david.md","MVP Spotlight: Samuel ?Muka? David","2016-08-03T00:34:27-06:00","Jim McKeeth","News","MVP (30), News (232)","2"
"2016-08-09-mvp-spotlight-eli-of-fmxexpress-com.md","MVP Spotlight: Eli of FMXExpress.com","2016-08-09T20:56:11-06:00","Jim McKeeth","","MVP (30)","1"
"2016-08-17-the-trouble-with-lists-of-programmers.md","The Trouble with Lists of Programmers","2016-08-17T22:30:32-06:00","Jim McKeeth","News","News (232)","1"
"2016-08-24-blaise-pascal-issue-53-with-atanas-popov-interview.md","Blaise Pascal Issue 53 with Atanas Popov Interview","2016-08-24T10:56:48-06:00","Jim McKeeth","News","News (232)","1"
"2016-08-24-get-a-copy-of-marcos-object-pascal-handbook-with-delphi-starter.md","Get a Copy of Marco?s Object Pascal Handbook with Delphi Starter","2016-08-24T17:07:01-06:00","Jim McKeeth","News","News (232)","1"
"2016-08-30-mvp-spotlight-holger-flick.md","MVP Spotlight: Holger Flick","2016-08-30T16:58:43-06:00","Jim McKeeth","News","MVP (30), News (232)","2"
"2016-10-01-3-webinar-replays-windows-10-cool-apps-migration.md","3 Webinar Replays: Windows 10, Cool Apps & Migration","2016-10-01T15:48:13-06:00","Jim McKeeth","","webinar (23)","1"
"2016-10-04-firemonkey-vs-vcl.md","FireMonkey vs. VCL","2016-10-04T18:32:13-06:00","Jim McKeeth","","design (5), FireMonkey (7), User Interface (1), VCL (3)","4"
"2017-01-23-rebooting-the-podcast-with-nick-hodges.md","Rebooting the Podcast with Nick Hodges","2017-01-23T21:09:47-07:00","Jim McKeeth","News","News (232)","1"
"2017-01-24-checkout-the-embarcadero-competitions.md","Checkout the Embarcadero Competitions!","2017-01-24T15:40:06-07:00","Jim McKeeth","News","News (232)","1"
"2017-01-30-now-with-more-cbuilder-and-david-millington.md","Now with More C++Builder and David Millington","2017-01-30T18:50:38-07:00","Jim McKeeth","","Audio podCast (74), podcast (63)","2"
"2017-02-06-cool-apps-niagara-falls.md","Cool Apps & Niagara Falls","2017-02-06T21:22:35-07:00","Jim McKeeth","","Audio podCast (74), podcast (63)","2"
"2017-02-13-ilovedelphi-how-about-you.md","#ILoveDelphi How About You?","2017-02-13T12:05:38-07:00","Jim McKeeth","News","News (232), Request for feedback (3)","2"
"2017-02-14-the-craig-chapman-iot-episode.md","The Craig Chapman IoT Episode","2017-02-14T18:15:54-07:00","Jim McKeeth","","Audio podCast (74), devices (8), podcast (63)","3"
"2017-02-17-the-new-embarcadero-mvp-feed.md","The New Embarcadero MVP Feed","2017-02-17T18:53:33-07:00","Jim McKeeth","News","News (232)","1"
"2017-02-20-the-stephen-ball-smart-grid-episode.md","The Stephen Ball Smart Grid Episode","2017-02-20T23:47:24-07:00","Jim McKeeth","News","Audio podCast (74), News (232), podcast (63), Video podCast (31)","4"
"2017-02-20-using-tms-cloud-pack-to-integrate-your-apps-with-the-cloud.md","Using TMS Cloud Pack to Integrate Your Apps with the Cloud","2017-02-20T20:37:39-07:00","Jim McKeeth","","Cloud (3), FireMonk (1), iOS (26), macOS (1), TMS (2)","5"
"2017-02-24-delphis-dna-infographic.md","Delphi?s DNA Infographic","2017-02-24T11:02:29-07:00","Jim McKeeth","News","News (232)","1"
"2017-02-26-the-malcolm-groves-rubbish-bin-connection-episode.md","The Malcolm Groves Rubbish Bin Connection Episode","2017-02-26T20:57:59-07:00","Jim McKeeth","News","Audio podCast (74), Beacons (1), Iot (1), News (232), podcast (63)","5"
"2017-02-26-yes-starter-editions-is-free.md","Yes, Starter Editions is Free","2017-02-26T21:21:27-07:00","Jim McKeeth","News","News (232)","1"
"2017-02-28-nick-hodges-new-book-dependency-injection-in-delphi.md","Nick Hodges New Book: Dependency Injection In Delphi","2017-02-28T10:59:35-07:00","Jim McKeeth","News","News (232)","1"
"2017-03-01-join-us-for-live-coding.md","Join us for Live Coding!","2017-03-01T22:53:29-07:00","Jim McKeeth","","LiveCoding (1)","1"
"2017-03-17-making-the-huge-world-of-delphi-small-again.md","Making the Huge World of Delphi Small Again","2017-03-17T04:15:12-06:00","Jim McKeeth","News","News (232)","1"
"2017-03-17-meet-the-tokyo-engineers-mvp.md","Meet the Tokyo Engineers & MVP","2017-03-17T15:21:42-06:00","Jim McKeeth","News","MVP (30), News (232)","2"
"2017-03-20-the-sarina-dupont-self-driving-car-episode.md","The Sarina DuPont Self Driving Car Episode","2017-03-20T22:32:57-06:00","Jim McKeeth","","Audio podCast (74), podcast (63)","2"
"2017-03-20-whats-in-a-name-and-advocacy-defined.md","What?s In a Name and Advocacy Defined","2017-03-20T20:45:37-06:00","Jim McKeeth","News","News (232)","1"
"2017-03-23-meet-hosokawa-jun-our-japan-mvp.md","Meet HOSOKAWA Jun, our Japan MVP","2017-03-23T12:14:24-06:00","Jim McKeeth","","MVP (30)","1"
"2017-03-24-delphi-tokyo-10-2-wallpaper.md","Delphi Tokyo 10.2 Wallpaper","2017-03-24T11:55:24-06:00","Jim McKeeth","News","10.2 (1), linux (4), News (232), Penguin (1), Tokyo (1)","5"
"2017-03-25-firedac-memtable-editing-new-in-10-2-tokyo.md","FireDAC MemTable Editing ? New in 10.2 Tokyo","2017-03-25T13:08:47-06:00","Jim McKeeth","News","News (232), Source Code (33)","2"
"2017-03-28-advanced-http-hacking-webinar-code.md","Advanced HTTP Hacking Webinar Code","2017-03-28T20:27:44-06:00","Jim McKeeth","","Source Code (33)","1"
"2017-04-13-mvvm-mvc-rad-architectures-with-columbusegg4delphi.md","MVVM-MVC-RAD Architectures with ColumbusEgg4Delphi","2017-04-13T15:48:58-06:00","Jim McKeeth","","Architecture (4)","1"
"2017-04-20-the-niagara-falls-lighting-episode.md","The Niagara Falls Lighting Episode","2017-04-20T19:49:04-06:00","Jim McKeeth","","Audio podCast (74), Cool Apps (3), FireMonkey (7), LED Lights (1), Niagara Falls (1), podcast (63), TMS (2), VCL (3)","8"
"2017-04-21-keep-threading-in-mind.md","Keep Threading in Mind","2017-04-21T18:18:23-06:00","Jim McKeeth","News","News (232), Parallel Programming (1), PPL (1), threading (1)","4"
"2017-04-25-some-great-women-of-programming.md","Some Great Women of Programming","2017-04-25T16:03:57-06:00","Jim McKeeth","News","News (232)","1"
"2017-04-27-rapid-prototyping-mobile-projects-with-arduino-and-open-hardware.md","Rapid Prototyping Mobile Projects with Arduino and Open Hardware","2017-04-27T11:35:13-06:00","Jim McKeeth","News","News (232)","1"
"2017-05-29-holger-flick.md","Get Bit Episode with Holger Flick","2017-05-29T15:39:15-06:00","Jim McKeeth","","Audio podCast (74), MVP (30), podcast (63)","3"
"2017-06-06-simple-mobile-firedac-app.md","Simple Mobile FireDAC App","2017-06-06T04:07:39-06:00","Jim McKeeth","","FireDAC (5)","1"
"2017-06-06-the-april-2017-tokyo-hotfix-works-with-the-new-xcode-ios.md","The April 2017 Tokyo Hotfix Works with the new Xcode & iOS","2017-06-06T08:33:54-06:00","Jim McKeeth","News","iOS (26), News (232)","2"
"2017-06-14-really-bad-exception-abuse.md","Exceptionally Bad Exception Abuse","2017-06-14T20:31:46-06:00","Jim McKeeth","","Architecture (4), Funny (5)","2"
"2017-07-11-4-years-at-embarcadero.md","4 Years at Embarcadero Technologies","2017-07-11T23:50:00-06:00","Jim McKeeth","News","News (232)","1"
"2017-07-15-creating-a-bootable-usb-drive-on-macos-from-an-iso.md","Creating a Bootable USB Drive on macOS from an ISO","2017-07-15T23:23:14-06:00","Jim McKeeth","News","News (232)","1"
"2017-07-18-getting-technical-with-cary-jensen-and-firedac-episode-74.md","Getting Technical with Cary Jensen and FireDAC (Episode 74)","2017-07-18T22:51:09-06:00","Jim McKeeth","","Audio podCast (74), FireDAC (5), podcast (63)","3"
"2017-08-14-why-i-keep-choosing-delphi.md","Why I Keep Choosing Delphi","2017-08-14T15:32:29-06:00","Jim McKeeth","News","FireMonkey (7), MVP (30), News (232), VCL (3)","4"
"2017-10-18-robert-uncle-bob-martin-is-speaking-at-coderage-xii.md","Robert ?Uncle Bob? Martin is Speaking at CodeRage XII","2017-10-18T19:54:59-06:00","Jim McKeeth","News","Conferences (15), News (232)","2"
"2018-01-09-2018-new-years-coding-resolutions.md","Some of my New Year?s #CodingResolutions","2018-01-09T03:06:19-07:00","Jim McKeeth","News","News (232)","1"
"2018-01-10-curse-of-the-programmer.md","Law of the Instrument and Curse of the Programmer","2018-01-10T14:59:08-07:00","Jim McKeeth","News","Article (7), News (232)","2"
"2018-01-10-get-ready-for-the-new-programmers.md","Get Ready for the New Programmers!","2018-01-10T17:28:01-07:00","Jim McKeeth","News","Article (7), News (232)","2"
"2018-01-15-join-us-for-a-live-video-episode-of-the-podcast-at-delphi-org.md","Join us for a LIVE Video Episode of the Podcast at Delphi.org","2018-01-15T12:59:32-07:00","Jim McKeeth","News","News (232), podcast (63), Video podCast (31)","3"
"2018-01-23-live-tuesday-january-23rd-2018.md","LIVE! Tuesday, January 23rd, 2018","2018-01-23T10:20:55-07:00","Jim McKeeth","","podcast (63), Video podCast (31)","2"
"2018-01-29-live-episode-tuesday-january-30th-2018.md","LIVE! Episode Tuesday, January 30th, 2018","2018-01-29T17:50:12-07:00","Jim McKeeth","","podcast (63), Video podCast (31)","2"
"2018-02-06-single-board-computers-and-delphi-discussion-live.md","Single Board Computers and Delphi Discussion LIVE!","2018-02-06T20:47:33-07:00","Jim McKeeth","","podcast (63), Video podCast (31)","2"
"2018-02-07-delphi-and-the-blockchain-more-than-just-bitcoin-and-cryptocurrency.md","Delphi and the Blockchain: More than just Bitcoin and Cryptocurrency","2018-02-07T16:47:53-07:00","Jim McKeeth","","webinar (23)","1"
"2018-02-12-live-13-feb-2018-delphi-web-frameworks.md","LIVE! 13-Feb-2018 Delphi Web Frameworks","2018-02-12T09:27:38-07:00","Jim McKeeth","","Video podCast (31)","1"
"2018-02-14-collecting-multiple-pages-of-rest-results-in-a-single-memtable.md","Collecting Multiple Pages of REST Results in a Single MemTable","2018-02-14T19:49:36-07:00","Jim McKeeth","News","News (232)","1"
"2018-02-18-live-podcast-episode-on-programming-books.md","LIVE! Monday at 9 AM PST ? Podcast Episode on Programming Books","2018-02-18T11:45:44-07:00","Jim McKeeth","","podcast (63), Video podCast (31)","2"
"2018-02-25-live-episode-on-delphi-games-and-graphics-engines.md","LIVE! Episode on Delphi Games and Graphics Engines","2018-02-25T14:32:35-07:00","Jim McKeeth","","Video podCast (31)","1"
"2018-03-09-earlier-this-weeks-episode-on-cool-apps.md","Earlier this week?s episode on Cool Apps","2018-03-09T15:16:19-07:00","Jim McKeeth","","podcast (63), Video podCast (31)","2"
"2018-03-13-live-with-boian-mitov-of-mitov-software.md","LIVE! With Boian Mitov of Mitov Software","2018-03-13T10:27:57-06:00","Jim McKeeth","News","News (232), podcast (63), Video podCast (31)","3"
"2018-03-14-google-cloud-shell-network-details.md","Google Cloud Shell Network Details","2018-03-14T20:53:22-06:00","Jim McKeeth","","Cloud (3)","1"
"2018-03-23-live-with-tms-softwares-bruno-fierens-holger-flick.md","LIVE! with TMS Software?s Bruno Fierens, Wagner Landgraf & Holger Flick","2018-03-23T15:15:33-06:00","Jim McKeeth","","podcast (63), Video podCast (31)","2"
"2018-04-03-live-from-the-embarcadero-austin-office.md","LIVE! from the Embarcadero Austin Office","2018-04-03T12:21:39-06:00","Jim McKeeth","","podcast (63), Video podCast (31)","2"
"2018-05-04-3d-credits-scroll-with-delphi.md","3D Credits Scroll with Delphi","2018-05-04T18:46:56-06:00","Jim McKeeth","","3D (2), FireMonkey (7), Funny (5), Source Code (33), Star Wars (1)","5"
"2018-06-24-use-the-source.md","Use the Source!","2018-06-24T04:57:23-06:00","Jim McKeeth","News","News (232), search (1), search engines (2), Source Code (33)","4"
"2018-07-19-five-amazing-years-with-embarcadero.md","Celebrating Five Amazing Years with Embarcadero","2018-07-19T14:38:08-06:00","Jim McKeeth","News","News (232)","1"
"2018-08-31-api-limits-with-fdec.md","API Limits with #FDEC","2018-08-31T17:58:08-06:00","Jim McKeeth","News","Cloud (3), FireDAC (5), News (232), Source Code (33)","4"
"2018-10-25-10-3-rio-preview-in-brazil.md","Pictures from the 10.3 Rio Preview in Brazil","2018-10-25T08:49:59-06:00","Jim McKeeth","","Conferences (15), MVP (30)","2"
"2018-10-26-arduino-delphi-cosplay.md","Arduino & Delphi Cosplay","2018-10-26T16:16:49-06:00","Jim McKeeth","News","Arduino (1), Cosplay (1), Cyberpunk (1), delphi (91), News (232), Visuino (1)","6"
"2018-10-30-unexpected-benefit-of-inline-variables-compiler-directives.md","Unexpected Benefit of Inline Variables: Conditional Blocks","2018-10-30T17:05:10-06:00","Jim McKeeth","News","10.3 Rio (3), clean code (1), delphi (91), language features (1), News (232), Source Code (33)","6"
"2018-11-03-android-z-order-native-controls-and-10-3-rio.md","Android Z-Order, Native Controls, and 10.3 Rio","2018-11-03T17:07:29-06:00","Jim McKeeth","News","10.3 Rio (3), FireMonkey (7), News (232), Platform-Native (1), Z-Order (1)","5"
"2019-02-06-get-the-most-out-of-android-with-10-3-rio.md","Get the Most out of Android with 10.3 Rio","2019-02-06T02:26:58-07:00","Jim McKeeth","News","10.3 Rio (3), News (232), webinar (23)","3"
"2019-02-14-delphis-big-day-with-a-little-svg-fun.md","Delphi?s Big Day (with a little SVG fun!)","2019-02-14T20:28:40-07:00","Jim McKeeth","News","svg (1), delphi (91)","2"
"2019-04-01-animated-path-graphics-of-grace-hopper.md","Animated Path Graphics of Grace Hopper","2019-04-01T00:51:32-06:00","Jim McKeeth","News","News (232)","1"
"2019-04-26-webbroker-on-android-and-raspberry-pi-3.md","WebBroker on Android and Raspberry Pi 3","2019-04-26T00:37:19-06:00","Jim McKeeth","News","android (3), devices (8), News (232), Raspberry Pi (1), SBC (1), Source Code (33)","6"
"2019-06-07-manually-installing-android-sdk-ndk-and-java-for-firemonkey-development.md","Manually Installing Android SDK, NDK, and Java for FireMonkey Development","2019-06-07T00:55:20-06:00","Jim McKeeth","News","News (232)","1"
"2019-06-14-integrating-obs-studio-with-x-keys-xk-24-usb-keypad.md","Integrating OBS Studio with X-Keys XK-24 USB Keypad","2019-06-14T09:11:11-06:00","Jim McKeeth","News","News (232)","1"
"2019-10-08-pretty-printing-your-source-code.md","Pretty Printing Your Source Code","2019-10-08T17:33:10-06:00","Jim McKeeth","News","News (232), presentations (1), screenshot (1), Source Code (33), tools (1)","5"
"2020-07-28-reasons-not-to-use-delphi.md","13 Reasons NOT to use Delphi","2020-07-28T18:18:35-06:00","Jim McKeeth","News","delphi (91), humor (1), list (1), News (232), sarcasm (1)","5"
"2023-05-10-the-first-computer-program-in-delphi.md","The First Computer Program ? In Delphi","2023-05-10T13:59:33-06:00","Jim McKeeth","News","delphi (91), Delphi Projects (8), News (232)","3"
